image number,filename,likely product name from catalogue,confidence,ambiguity
1,"100,000 LM Rechargeable Headlamp.jpg",Rechargeable LED Headlamps,High,"Product type is clear; filename claims 100,000 LM and image shows accessories that are not confirmed."
2,1PC_2PCS  Baofeng 888S Walkie Talkie 888S 5W Ham Two-Way Radio Set UHF 400-470MHz 16CH Walkie-Talkie.jpg,Walkie Talkies / Two-Way Radio Set,High,Filename and visible radios say Baofeng 888S; this does not establish that these are Omni-supplied units.
3,2kg Gold Silver Graphite Ingot Bar Mold For Melting Casting Refining Scrap.jpg,Graphite / Carbon Crucibles & Molds,Medium,Shows molten-metal pouring and bar molds; no crucible visible and the 2 kg claim is unconfirmed.
4,8000W Pure Sine Wave Inverter _ DC 12V _ 24V To AC 110V – 120V 50Hz _ 60Hz.jpg,Pure Sine Wave Power Inverter,Medium,Image says 4000W/8000W; that rating is not the catalogue’s unverified client-supplied value.
5,879609370994849586.jpg,Banknote Counter / Money Counting Machine,High,"Visible banknote counter; displayed currency, model and capabilities are unconfirmed."
6,985231162306417.jpg,Smart / Intelligent One-Piece Bidet Toilet,High,Appears to be a smart/bidet toilet; features and exact model are unconfirmed.
7,"ad eBay _ $33_11 _ Nelyrho Silver 16_ Crucible Tongs - Hinged Metalworking Tool for 16_, _ Jewelry C.jpg",Melting Tongs / Crucible Pliers,High,Visible long crucible-style tongs; exact size/model is unconfirmed.
8,Amazon_com _ ASR Outdoor Gold Panning Portable….jpg,Precise Portable Electronic Scale / High-Precision Gram Scale,Medium,Portable scale shown with gold; ASR/gold-panning context and scale specifications are not confirmed.
9,As the popularity of lithium batteries surges….jpg,Solar Power System Kit,Medium,"Shows a residential solar installation; brands, configuration and included components may differ."
10,"Automatic Electric Melting Furnace, Gold Melting Furnace 1150℃ _2102 ℉ Digital Melting Furnace Machine Casting Refining Precious Metals Gold Silver.jpg",Small High-Temperature Electric Melting Furnace,High,Visible electric melting furnace; KCUTE identity and any pictured rating are not confirmed.
11,BCANhome Standard One Piece Toilet Glazed Surface Dual Flush Siphon Jet Soft Close Seat And Lid Easy Clean Bathroom Toilet T118.jpg,Standard One-Piece Flush Toilet,High,Visible one-piece toilet; brand and exact flush/seat details are unconfirmed.
12,Best Inflatable Tent 8.jpg,Inflatable & Setup Outdoor Camping Tents,Medium,"Camping tent is visible, but AURORAFOX identity and inflatable setup are not verified."
13,Blacksmith tongs.jpg,Forged Iron Blacksmith Tongs,High,Visible blacksmith tongs; exact form and size are unconfirmed.
14,Desk Calculator with Erasable LCD Writing Pad 12-Digit Solar Battery Dual Power Black.jpg,Business Calculator with Dual Power & Handwriting Pad,High,Visible calculator with writing pad; model and functions are unconfirmed.
15,Growatt Solar Inverter System _ Lithium LiFePO4 Battery & Solar Panel Kit.jpg,Needs confirmation,Needs confirmation,"Solar system image shows Growatt branding, multiple LiFePO4 batteries and panels; catalogue’s all-in-one capacity/configuration is unverified."
16,HIGH PRESSURE WASHER K 3 POWER CONTROL - 120 BAR.jpg,Portable Pressure Washer / High-Pressure Car Washer,High,"Visible Kärcher K3 Power Control, labelled 120 bar; brand/model/pressure are not confirmed for Omni."
17,Inflatable Pull-Out Sofa Bed.jpg,Foldable Compact Sofa Beds & Sofas,High,Sofa bed is visible; image also shows a different configuration/variant from other catalogue examples.
18,Lab Analytical Balance Digital Precision Scale 5000gx0_01g High Precision.jpg,High-Precision Digital Scale,Medium,"Analytical scale visible; image filename says 5000 g × 0.01 g, while catalogue lists 1 g precision."
19,Lincoln Electric Port-A-Torch Kit with Oxygen and Acetylene Tanks for Cutting Welding and Brazing KH990 - The Home Depot.jpg,Portable Refrigeration & AC Welding Torch Kit,Medium,"Portable torch set is visible, but Lincoln branding, oxygen/acetylene tanks and kit components are unconfirmed."
20,Modern Shower Area Design _ Luxury Bathroom Interior.jpg,Bathroom Shower Faucet System,Medium,Shows a shower area/system rather than an isolated product; exact arrangement and finish are unconfirmed.
21,Orthopedic spring mattress_They engineered for….jpg,Mattresses,Medium,"Shows a spring mattress, one of several listed variants; does not represent the full range."
22,Portable Power Stations & Solar Generator - GEYOTO.jpg,Portable Outdoor Solar Generator / Power Station,Medium,"Power station shown with foldable panels and accessories; GEYOTO branding, capacity and included accessories are unconfirmed."
23,"Rosenthal Collection Borax Flux 5 MOL – 3 LB Casting Flux for Jewelry Soldering, Melting Silver, Gold, Sterling.jpg",Borax Powder,High,Borax-labeled flux package is visible; Rosenthal branding and package size are unconfirmed.
24,Solar.jpg,Needs confirmation,Needs confirmation,"Shows a fixed, rack-mounted solar array, not a foldable portable panel."
25,Taşınabilir gaz meşale Torch Torch bakır pirinç gaz meşale lehimleme lehim yüksek sıcaklık gaz ocağı kaynak Butanes mutfak meşale - AliExpress 1420.jpg,Gold Melting Torch / Gas Torch Kit,Medium,Handheld gas torch is visible; its intended use and kit contents are not confirmed for Omni.
26,The 7 Best Brightest Flashlights_ Expert recommended.jpg,Super Bright Flashlights & Searchlights,Medium,Shows several flashlight examples; exact models/features are not established.
27,Ultimate Flame Thrower Torch for BBQ & Beyond.jpg,Needs confirmation,Needs confirmation,Filename describes a BBQ flame torch; catalogue igniter/torch application and aluminum construction are not established.
28,"Ultimate Portable USB Rechargeable Outdoor Shower – Perfect for Camping, Hiking & Pet Bathing!.jpg",Outdoor Camping Shower Kit,Medium,"Portable shower, bucket and pump are visible; USB charging claim and exact kit contents need confirmation."
29,Vielseitige Einweg Schutzsets für deine Sicherheit.jpg,Disposable Protective / Hazmat Suit,Medium,"Shows coverall plus gloves, mask and goggles; those extra items/protection claims are not confirmed as included."
30,🫁 Oxygen Cylinder Rental in Ranchi.jpg,Medical Oxygen Tank / Gas Cylinder Kit,Medium,"Cylinder and attached regulator/mask equipment are visible; specifications, accessories and intended use require client confirmation."
